name,repo_name,url
W3S Ticketing,tick3t,https://github.com/paritytech/tick3t/
W3S Festival / Conference App,w3s-conference-app,https://github.com/paritytech/w3s-conference-app/
T3rminal,t3rminal,https://github.com/paritytech/t3rminal/tree/main/apps/t3rminal-v1
W3S Pay,t3rminal,https://github.com/paritytech/t3rminal/tree/main/apps/w3spay
W3S Payment Processor,t3rminal,https://github.com/paritytech/t3rminal/tree/main/apps/w3s-receiver
W3S Pay Admin,t3rminal,https://github.com/paritytech/t3rminal/tree/main/apps/w3spay-admin
Contract Dependency Manager,contract-dependency-manager,https://github.com/paritytech/contract-dependency-manager
Playground App,playground-app,https://github.com/paritytech/playground-app
Playground CLI,playground-cli,https://github.com/paritytech/playground-cli
Playground Constellation,playground-constellation,https://github.com/paritytech/playground-constellation
Polkadot Web,dotli,https://github.com/paritytech/dotli
Browse.dot,browse,https://github.com/paritytech/browse
LocalDot,p2p-market,https://github.com/paritytech/p2p-market/
dot.li starter,dotli-starter,https://github.com/paritytech/dotli-starter
polkadot-app-deploy,polkadot-app-deploy,https://github.com/paritytech/polkadot-app-deploy
Testing suite,host-api-test-sdk,https://github.com/paritytech/host-api-test-sdk/
Polkadot mobile App iOS,polkadot-app-ios-v2,https://github.com/paritytech/polkadot-app-ios-v2
Polkadot mobile App Android,polkadot-app-android-v2,https://github.com/paritytech/polkadot-app-android-v2
Polkadot Desktop,polkadot-desktop,https://github.com/paritytech/polkadot-desktop
Previewnet,product-preview-net,https://github.com/paritytech/product-preview-net
individuality,individuality,https://github.com/paritytech/individuality
Mercado,mercado,https://github.com/paritytech/mercado
Identity backend,identity-backend,https://github.com/paritytech/identity-backend
dotNS,dotns,https://github.com/paritytech/dotns
Triangle-js SDK,triangle-js-sdks,https://github.com/paritytech/triangle-js-sdks
Product SDK,product-sdk,https://github.com/paritytech/product-sdk
Polkadot Bulletin Chain,polkadot-bulletin-chain,https://github.com/paritytech/polkadot-bulletin-chain
Polkadot SDK,polkadot-sdk,https://github.com/paritytech/polkadot-sdk
dotNS-CLI,dotns-sdk,https://github.com/paritytech/dotns-sdk/tree/main#
Simple Survey,simple-survey,https://github.com/paritytech/simple-survey
Playground App Template,playground-app-template,https://github.com/paritytech/playground-app-template
Playground Tutorial,playground-tutorial,https://github.com/paritytech/playground-tutorial
Rock Paper Scissors,Rock-Paper-Scissors,https://github.com/paritytech/Rock-Paper-Scissors
Feedback Board,feedback-board,https://github.com/paritytech/feedback-board
Game Results Webview,game-results-webview,https://github.com/paritytech/game-results-webview
Collectibles Webview,pocket-collectibles-webview,https://github.com/paritytech/pocket-collectibles-webview
